City,Cloudiness_%,Country,Date,Humidity_%,Lat,Lng,Max Temp_F,Wind Speed_mph
mataura,11.0,NZ,1573954732.0,58.0,-46.19,168.86,59.0,8.01
hailey,5.0,US,1573954732.0,41.0,43.52,-114.32,42.8,3.36
punta arenas,75.0,CL,1573954732.0,66.0,-53.16,-70.91,48.2,25.28
olafsvik,0.0,AU,1573954733.0,40.0,-33.64,115.35,80.01,11.39
busselton,9.0,NZ,1573954734.0,91.0,-35.17,173.16,71.01,17.07
ahipara,93.0,GL,1573954734.0,79.0,65.61,-37.64,28.4,14.99
tasiilaq,90.0,RU,1573954734.0,100.0,55.82,37.87,39.2,6.71
vostochnyy,90.0,CA,1573954734.0,84.0,62.45,-114.38,8.01,4.7
yellowknife,42.0,ID,1573954734.0,39.0,-6.99,112.52,94.68,5.3
tabiauea,0.0,BR,1573954734.0,83.0,-22.97,-42.02,71.51,11.21
lasem,100.0,GL,1573954734.0,95.0,77.48,-69.36,6.06,5.95
arraial do cabo,10.0,CF,1573954346.0,31.0,10.3,22.78,71.31,5.14
qaanaaq,51.0,PF,1573954346.0,82.0,-23.12,-134.97,75.36,6.73
birao,100.0,GY,1573954346.0,96.0,8.2,-59.78,72.75,1.32
rikitea,96.0,ZA,1573954346.0,77.0,-34.53,20.04,59.0,5.82
belushya guba,0.0,BR,1573954735.0,95.0,-1.82,-44.87,73.24,2.3
mabaruma,40.0,AU,1573954735.0,33.0,-42.88,147.33,62.01,18.34
bredasdorp,100.0,RU,1573954735.0,91.0,62.1,126.7,-9.74,8.01
cururupu,1.0,US,1573954735.0,55.0,36.85,-121.4,66.2,2.64
hobart,90.0,CA,1573954735.0,85.0,55.74,-97.86,17.6,8.05
berdigestyakh,90.0,US,1573954736.0,83.0,19.71,-155.08,78.8,4.7
hollister,93.0,KM,1573954736.0,84.0,-11.38,43.28,80.2,4.7
thompson,100.0,BY,1573954736.0,93.0,54.51,30.43,44.67,9.06
hilo,75.0,US,1573954736.0,78.0,60.79,-161.76,10.4,18.34
mitsamiouli,0.0,AU,1573954736.0,15.0,-23.58,149.07,100.08,14.76
umzimvubu,100.0,PH,1573954736.0,78.0,10.18,122.9,79.47,5.41
orsha,99.0,RU,1573954736.0,98.0,70.62,147.9,-2.85,5.26
bethel,89.0,RU,1573954737.0,95.0,67.55,63.78,11.95,8.39
bluff,80.0,KI,1573954737.0,73.0,3.07,172.79,83.66,11.41
cabanbanan,90.0,US,1573954737.0,32.0,39.31,-74.98,45.0,11.41
chokurdakh,100.0,GL,1573954737.0,37.0,60.91,-46.05,37.4,35.57
komsomolskiy,75.0,MU,1573954737.0,83.0,-20.01,57.66,75.99,12.75
butaritari,100.0,AU,1573954737.0,24.0,-20.07,146.27,93.97,2.59
port elizabeth,1.0,US,1573954469.0,53.0,42.65,-73.75,24.01,6.93
ransang,98.0,ZA,1573954738.0,95.0,-33.59,26.89,64.0,1.99
marcona,63.0,RU,1573954738.0,62.0,50.68,156.12,23.22,0.83
pietarsaari,75.0,JP,1573954738.0,48.0,35.73,140.83,61.0,14.99
narsaq,0.0,RU,1573954738.0,64.0,69.49,88.39,-4.0,11.18
grand gaube,1.0,US,1573954676.0,57.0,41.15,-96.04,55.4,8.05
charters towers,0.0,BR,1573954627.0,77.0,-28.24,-48.67,68.0,8.05
albany,0.0,CN,1573954738.0,27.0,39.77,98.29,18.39,5.01
port alfred,0.0,NO,1573954342.0,78.0,70.86,29.09,29.7,14.0
severo-kurilsk,33.0,ID,1573954739.0,73.0,-9.65,120.26,82.06,1.9
hasaki,0.0,BR,1573954739.0,87.0,-2.92,-39.92,75.49,5.77
talnakh,100.0,CN,1573954739.0,41.0,42.78,124.11,36.19,1.1
papillion,40.0,GY,1573954728.0,88.0,6.8,-58.16,80.6,6.93
imbituba,75.0,AR,1573954739.0,81.0,-54.81,-68.31,48.2,6.93
jiayuguan,100.0,RU,1573954739.0,100.0,66.83,70.83,-10.61,15.46
berlevag,40.0,ZA,1573954739.0,63.0,-33.93,18.42,61.0,19.46
waingapu,21.0,UY,1573954739.0,87.0,-33.69,-53.46,66.33,3.24
itarema,100.0,CN,1573954740.0,54.0,42.18,127.48,36.3,4.45
changtu,1.0,US,1573954405.0,76.0,30.04,-94.42,50.0,3.33
georgetown,49.0,AU,1573954740.0,53.0,-34.72,135.86,62.01,10.07
ushuaia,42.0,AU,1573954740.0,15.0,-33.21,138.6,78.57,1.36
yar-sale,100.0,CM,1573954740.0,92.0,3.52,15.05,69.57,2.35
cape town,14.0,AR,1573954740.0,43.0,-46.43,-67.52,59.94,29.73
chuy,40.0,JP,1573954740.0,67.0,33.72,135.99,62.6,5.82
grand river south east,75.0,MU,1573954740.0,83.0,-20.41,57.7,75.99,12.75
songjianghe,90.0,RU,1573954741.0,93.0,59.7,30.79,37.99,6.71
nome,0.0,ZA,1573954741.0,80.0,-30.97,22.13,56.57,12.64
port lincoln,91.0,RU,1573954741.0,96.0,69.3,139.9,-4.4,3.42
jamestown,75.0,IT,1573954446.0,59.0,41.89,12.48,68.0,28.86
yokadouma,0.0,RU,1573954741.0,73.0,45.66,40.76,41.58,13.69
mar del plata,45.0,RU,1573954741.0,100.0,68.75,161.3,-9.17,0.6
bengkulu,2.0,NO,1573954741.0,67.0,70.03,20.97,30.47,17.45
shingu,75.0,BN,1573954537.0,79.0,5.28,115.24,84.2,2.24
mahebourg,84.0,NE,1573954742.0,16.0,15.46,6.28,79.32,7.02
nikolskoye,90.0,CA,1573954742.0,88.0,49.23,-100.06,32.0,18.34
palabuhanratu,40.0,PT,1573954554.0,67.0,33.08,-16.33,64.4,6.93
carnarvon,93.0,RU,1573954742.0,88.0,71.98,102.47,-13.16,1.14
deputatskiy,100.0,BR,1573954742.0,78.0,-15.95,-54.98,73.45,1.77
roma,66.0,AU,1573954743.0,42.0,-12.05,134.23,93.61,13.35
dmitriyevskaya,100.0,RU,1573954743.0,95.0,64.57,143.24,-5.69,5.17
cherskiy,84.0,CA,1573954608.0,81.0,43.74,-81.71,24.01,14.0
skjervoy,90.0,CL,1573954744.0,100.0,-41.87,-73.83,51.8,16.11
victoria,66.0,MG,1573954744.0,77.0,-13.19,49.05,78.93,9.55
abalak,75.0,RU,1573954744.0,77.0,56.73,85.44,6.01,22.37
boissevain,20.0,AU,1573954744.0,45.0,-34.85,139.16,71.01,13.87
camacha,100.0,PG,1573954358.0,70.0,-2.67,141.3,84.42,8.14
khatanga,79.0,IN,1573954745.0,88.0,15.34,74.49,68.0,9.91
jaciara,61.0,NZ,1573954745.0,58.0,-46.13,167.69,59.0,8.01
maningrida,100.0,PT,1573954745.0,75.0,38.52,-28.7,59.77,9.33
ust-nera,40.0,QA,1573954531.0,64.0,25.29,51.53,78.8,4.7
goderich,20.0,CA,1573954602.0,68.0,43.26,-79.87,30.2,19.46
ancud,0.0,TR,1573954745.0,40.0,37.32,40.72,53.6,9.17
illoqqortoormiut,40.0,PT,1573954745.0,76.0,37.8,-25.58,55.4,6.93
ambilobe,47.0,BR,1573954745.0,88.0,-20.63,-46.0,66.69,5.17
oktyabrskoye,90.0,CL,1573954745.0,100.0,-42.48,-73.76,51.8,16.11
palmer,90.0,MX,1573954746.0,78.0,20.71,-105.21,80.6,2.24
vanimo,62.0,RO,1573954746.0,58.0,46.07,23.79,57.2,6.93
rungata,62.0,ML,1573954746.0,33.0,22.68,-3.98,61.02,6.58
vaini,0.0,FO,1573954746.0,80.0,62.23,-6.59,39.2,4.7
tuatapere,100.0,CG,1573954747.0,99.0,-0.49,15.91,70.63,2.37
ribeira grande,40.0,VN,1573954747.0,88.0,12.24,109.19,80.6,2.24
doha,90.0,ES,1573954747.0,100.0,42.77,-9.06,55.0,4.7
hamilton,90.0,CA,1573954747.0,72.0,63.75,-68.52,15.8,8.05
mardin,90.0,RO,1573954747.0,100.0,44.0,26.12,53.01,6.93
rabo de peixe,0.0,PY,1573954156.0,65.0,-26.98,-56.83,67.19,6.87
ponta do sol,100.0,GL,1573954747.0,60.0,72.79,-56.15,14.92,9.8
castro,75.0,VU,1573954747.0,51.0,-19.55,169.27,84.2,11.41
saleaula,0.0,UY,1573954748.0,89.0,-34.48,-54.34,60.53,3.02
ixtapa,95.0,RU,1573954748.0,96.0,63.2,75.45,0.79,11.7
lolua,90.0,AU,1573954748.0,54.0,-37.83,140.78,59.0,10.29
amderma,100.0,EE,1573954748.0,96.0,59.1,26.19,43.39,9.91
ohaba,40.0,CO,1573954748.0,69.0,3.22,-75.22,80.6,4.52
taoudenni,75.0,JP,1573954748.0,67.0,33.93,134.5,60.8,5.82
klaksvik,5.0,US,1573954748.0,89.0,35.04,-89.66,44.6,4.7
owando,78.0,BR,1573954749.0,91.0,-8.27,-72.74,66.52,1.5
nha trang,90.0,US,1573954749.0,87.0,36.62,-121.92,66.2,9.08
muros,40.0,BR,1573954749.0,78.0,-3.98,-38.73,80.6,8.05
iqaluit,100.0,RU,1573954749.0,92.0,57.31,88.17,3.69,9.78
gostinu,92.0,KZ,1573954749.0,94.0,51.81,68.36,17.1,8.37
barentsburg,28.0,CA,1573954749.0,74.0,46.12,-70.67,12.0,5.01
san patricio,40.0,PH,1573954749.0,83.0,18.56,120.79,82.4,12.75
upernavik,1.0,PF,1573954750.0,73.0,-9.8,-139.03,79.83,12.66
isangel,0.0,CN,1573954750.0,18.0,42.84,93.51,21.2,1.05
rocha,4.0,PF,1573954750.0,82.0,-16.48,-151.75,79.99,13.4
noyabrsk,78.0,RU,1573954750.0,92.0,69.7,170.27,2.37,5.48
mount gambier,100.0,NZ,1573954579.0,26.0,-43.53,172.64,75.99,13.87
vao,0.0,SY,1573954750.0,19.0,34.45,40.92,55.15,18.32
villavieja,93.0,ZA,1573954750.0,75.0,-33.02,27.91,67.68,8.23
katsuura,3.0,CK,1573954750.0,69.0,-21.21,-159.78,80.6,11.41
collierville,99.0,BR,1573954751.0,94.0,-3.38,-68.87,72.93,1.36
sentyabrskiy,0.0,AF,1573954751.0,39.0,36.41,64.91,42.01,3.44
porto walter,75.0,CL,1573954751.0,82.0,-39.81,-73.25,55.4,4.7
pacific grove,75.0,US,1573954751.0,78.0,22.08,-159.32,84.2,16.11
papara,90.0,CA,1573954209.0,93.0,54.32,-130.32,51.8,16.11
teguldet,12.0,BW,1573954751.0,17.0,-20.47,22.7,76.64,5.79
atbasar,0.0,RU,1573954752.0,87.0,73.51,80.55,-11.29,7.74
saint-georges,90.0,CA,1573954752.0,66.0,48.39,-77.24,14.0,6.93
pagudpud,40.0,CA,1573954752.0,83.0,69.44,-133.03,-11.2,6.93
samusu,90.0,CA,1573954752.0,86.0,56.19,-117.61,36.0,6.93
atuona,55.0,NU,1573954547.0,69.0,-19.06,-169.92,80.6,10.29
hami,75.0,GR,1573954752.0,100.0,39.45,22.34,53.6,0.31
faanui,100.0,GL,1573954752.0,37.0,60.72,-46.03,37.4,35.57
pevek,90.0,AU,1573954753.0,58.0,-37.84,145.39,63.0,17.22
christchurch,42.0,PH,1573954753.0,65.0,17.54,120.52,84.07,4.81
abu kamal,100.0,GL,1573954753.0,84.0,60.14,-45.24,32.25,37.29
east london,54.0,CN,1573954367.0,55.0,29.72,112.52,68.02,11.9
avarua,100.0,CZ,1573954753.0,86.0,50.47,14.53,44.01,3.36
vaitupu,94.0,ET,1573954753.0,97.0,7.26,36.25,53.91,0.78
odweyne,40.0,AI,1573954471.0,83.0,18.22,-63.06,80.6,5.82
sao paulo de olivenca,20.0,CA,1573954753.0,75.0,68.22,-135.01,-14.8,2.24
dzhusaly,100.0,RU,1573954753.0,88.0,64.42,-173.23,17.53,9.98
dawlatabad,1.0,US,1573954368.0,37.0,39.0,-77.4,41.0,5.82
valdivia,96.0,MX,1573954754.0,74.0,25.08,-108.06,81.0,1.99
kapaa,0.0,PY,1573954754.0,33.0,-22.35,-60.04,73.71,8.08
prince rupert,1.0,US,1573954651.0,64.0,33.79,-117.85,77.0,6.93
sehithwa,40.0,PA,1573954754.0,83.0,8.46,-82.28,80.6,4.7
dikson,75.0,JM,1573954754.0,100.0,17.88,-76.41,77.0,13.87
senneterre,1.0,CA,1573954754.0,66.0,45.36,-73.48,17.01,2.24
tuktoyaktuk,14.0,HT,1573954754.0,71.0,18.56,-74.26,79.86,2.64
grimshaw,9.0,TH,1573954755.0,78.0,17.1,100.84,75.2,1.7
alofi,1.0,US,1573954755.0,74.0,21.44,-157.84,86.0,8.05
saint george,97.0,PH,1573954755.0,78.0,11.0,122.67,83.88,8.39
sahrak,88.0,GY,1573954755.0,63.0,3.36,-59.84,83.12,4.7
qaqortoq,75.0,AT,1573954755.0,93.0,48.64,13.53,43.0,2.24
olinda,75.0,NP,1573954753.0,93.0,27.71,85.32,57.2,2.24
san quintin,40.0,TO,1573954756.0,65.0,-18.65,-173.98,80.6,5.82
nanortalik,40.0,AU,1573954756.0,60.0,-32.59,151.78,82.99,18.34
dongsheng,75.0,CA,1573954756.0,80.0,53.65,-115.58,33.8,6.93
vidim,75.0,CA,1573954756.0,71.0,70.47,-68.59,5.0,9.17
bonga,1.0,US,1573954661.0,35.0,43.66,-70.25,26.01,15.84
the valley,13.0,AR,1573954498.0,47.0,-45.87,-67.48,68.0,25.28
aklavik,100.0,CN,1573954757.0,52.0,37.16,122.42,61.0,1.01
provideniya,40.0,EC,1573954684.0,64.0,-0.74,-90.35,75.2,12.75
sterling,96.0,KZ,1573954757.0,78.0,53.8,64.15,25.93,8.99
la reforma,1.0,US,1573954757.0,45.0,39.95,-94.76,50.0,8.05
filadelfia,65.0,AR,1573954757.0,59.0,-38.31,-60.23,57.97,8.72
orange,77.0,ZA,1573954757.0,92.0,-34.42,19.24,59.0,13.89
rincon,1.0,US,1573954757.0,47.0,45.22,-112.64,37.4,9.17
morant bay,100.0,PT,1573954757.0,90.0,41.42,-6.55,37.15,5.46
saint-philippe,10.0,CA,1573954758.0,77.0,66.15,-65.72,6.6,3.18
moron,69.0,AU,1573954758.0,58.0,-16.99,145.42,90.0,8.05
nakhon thai,90.0,NL,1573954758.0,93.0,52.96,4.76,44.6,11.41
ahuimanu,29.0,SD,1573954758.0,34.0,14.2,24.66,65.01,4.7
dingle,0.0,RU,1573954758.0,91.0,57.84,108.35,-12.32,1.48
formoso do araguaia,30.0,CL,1573954758.0,93.0,-25.41,-70.49,55.2,0.47
bonfim,0.0,AU,1573954758.0,47.0,-20.74,116.85,84.2,8.57
karaul,20.0,ET,1573954758.0,71.0,8.96,38.73,51.8,3.36
nizhneyansk,88.0,PG,1573954373.0,69.0,-2.02,147.27,85.57,9.78
louisbourg,90.0,US,1573954759.0,81.0,44.56,-123.26,55.0,3.36
wanning,38.0,SO,1573954759.0,79.0,7.98,49.82,78.91,23.58
kathmandu,0.0,TR,1573954759.0,71.0,40.73,31.61,45.9,2.39
neiafu,46.0,MG,1573954759.0,80.0,-24.69,44.75,72.82,16.37
paradwip,100.0,RU,1573954759.0,95.0,65.99,60.32,21.0,10.36
clarence town,100.0,US,1573954759.0,48.0,37.17,-99.65,53.01,1.99
mackay,100.0,CD,1573954759.0,99.0,0.52,25.21,70.41,2.35
clyde river,83.0,GL,1573954760.0,50.0,65.42,-52.9,25.14,15.19
portland,1.0,US,1573954760.0,41.0,43.97,-111.68,42.8,4.7
comodoro rivadavia,90.0,CA,1573954760.0,86.0,52.64,-114.24,33.8,8.05
rongcheng,100.0,CA,1573954760.0,95.0,50.56,-96.99,30.99,15.99
puerto ayora,0.0,NO,1573954760.0,80.0,61.99,5.14,33.8,4.7
borovskoy,2.0,TL,1573954760.0,25.0,-8.93,125.41,87.51,9.17
guajara-mirim,30.0,MY,1573954761.0,71.0,2.43,103.84,82.81,6.6
kodiak,0.0,GL,1573954761.0,52.0,69.22,-51.1,17.6,28.86
barrow,44.0,VN,1573954761.0,67.0,22.48,103.95,78.01,2.08
hermanus,13.0,MX,1573954761.0,79.0,20.3,-89.42,62.44,2.46
dillon,100.0,DE,1573954761.0,94.0,50.67,13.08,37.0,1.12
saldanha,90.0,US,1573954761.0,100.0,55.34,-131.65,51.8,26.4
pangnirtung,0.0,GL,1573954762.0,64.0,66.94,-53.67,11.07,11.65
mareeba,40.0,MX,1573954762.0,72.0,28.39,-105.62,60.01,0.78
den helder,86.0,FR,1573954569.0,93.0,43.3,5.37,51.01,3.36
kutum,90.0,CO,1573954762.0,70.0,5.66,-67.63,84.2,4.7
alekseyevsk,100.0,ZA,1573954762.0,95.0,-33.31,26.53,64.0,1.99
taltal,20.0,BR,1573954762.0,78.0,-7.47,-34.81,78.8,8.05
karratha,75.0,JP,1573954762.0,74.0,24.8,125.28,78.8,14.99
lebu,90.0,CA,1573954531.0,60.0,50.1,-91.92,39.2,9.17
lorengau,75.0,NO,1573954762.0,92.0,78.22,15.63,30.2,3.36
corvallis,99.0,SE,1573954489.0,87.0,58.59,16.18,46.4,12.75
eyl,0.0,BR,1573954763.0,67.0,-30.17,-50.22,67.37,8.57
bolu,100.0,CN,1573954763.0,58.0,36.62,101.77,23.92,15.14
ampanihy,100.0,RU,1573954763.0,97.0,71.97,114.09,-6.93,6.67
verkhnyaya inta,90.0,US,1573954690.0,81.0,45.26,-122.69,54.0,0.94
sitka,0.0,TC,1573954763.0,70.0,21.46,-71.14,81.68,8.72
taolanaro,100.0,BR,1573954763.0,86.0,-13.02,-42.7,72.37,3.76
kisangani,33.0,SA,1573954764.0,42.0,17.54,44.22,64.4,0.98
maniitsoq,12.0,MG,1573954764.0,83.0,-25.17,45.06,72.68,12.44
saint anthony,40.0,CO,1573954764.0,100.0,-3.77,-70.38,77.0,1.25
rimbey,31.0,PF,1573954764.0,82.0,-16.7,-151.02,80.11,14.67
husavik,100.0,RU,1573954764.0,70.0,59.36,143.24,17.44,18.77
raudeberg,40.0,IT,1573954764.0,56.0,38.04,12.59,71.6,24.16
odemis,17.0,PH,1573954764.0,67.0,8.0,124.29,78.93,4.18
airai,0.0,IN,1573954764.0,93.0,26.91,80.51,60.8,3.36
tumannyy,97.0,NZ,1573954764.0,69.0,-46.28,169.85,59.0,8.01
mersing,100.0,ID,1573954765.0,81.0,4.14,96.13,78.64,6.06
ilulissat,91.0,NO,1573954765.0,70.0,59.92,5.78,39.99,3.36
lao cai,100.0,BO,1573954765.0,72.0,-16.98,-65.13,75.58,1.9
oxkutzcab,48.0,CL,1573954765.0,87.0,-29.95,-71.34,59.0,4.7
warmbad,100.0,PK,1573954219.0,28.0,25.26,63.48,69.04,3.8
ketchikan,0.0,IN,1573954765.0,69.0,12.75,78.34,75.99,4.76
sisimiut,70.0,CN,1573954765.0,58.0,29.3,113.14,70.38,10.11
lazaro cardenas,20.0,CA,1573954766.0,84.0,49.78,-74.86,-2.2,3.36
marseille,1.0,US,1573954766.0,51.0,39.62,-77.74,34.0,6.93
puerto ayacucho,58.0,NA,1573954766.0,23.0,-22.45,18.97,72.73,14.23
grahamstown,40.0,AU,1573954766.0,33.0,-42.78,147.06,62.01,18.34
pitimbu,85.0,RU,1573954766.0,97.0,60.35,102.28,-22.16,3.02
hirara,100.0,RU,1573954766.0,93.0,62.26,151.67,-8.97,4.14
sioux lookout,52.0,RU,1573954767.0,77.0,65.58,-170.99,22.5,16.33
longyearbyen,60.0,RU,1573954342.0,95.0,66.32,-179.17,4.41,10.33
karauzyak,100.0,CA,1573954767.0,97.0,60.75,-137.51,25.68,3.24
norrkoping,40.0,BR,1573954767.0,78.0,-3.71,-38.6,80.6,8.05
cidreira,20.0,JP,1573954767.0,39.0,43.32,145.57,30.2,16.11
xining,90.0,CA,1573954767.0,85.0,54.77,-101.88,23.0,10.29
saskylakh,100.0,SL,1573954767.0,85.0,7.53,-12.5,78.71,7.23
canby,75.0,AO,1573954745.0,83.0,-8.83,13.24,78.8,6.93
cockburn town,90.0,FR,1573954768.0,100.0,45.6,-0.6,36.0,1.45
macaubas,100.0,ZA,1573954768.0,86.0,-34.05,23.37,58.77,7.16
najran,90.0,CA,1573954768.0,92.0,55.1,-105.3,24.8,9.17
beloha,0.0,MV,1573954609.0,76.0,5.67,73.0,82.11,12.03
puerto narino,75.0,AU,1573954768.0,42.0,-28.95,153.24,86.0,6.93
fare,97.0,MV,1573954768.0,78.0,-0.6,73.08,82.02,16.08
okhotsk,20.0,PT,1573954532.0,82.0,38.73,-27.07,59.0,11.86
erice,84.0,BR,1573954690.0,81.0,-32.03,-52.1,66.99,12.75
marawi,75.0,US,1573954768.0,83.0,60.55,-151.26,34.0,11.39
auras,0.0,GE,1573954769.0,44.0,41.96,42.96,51.8,26.4
kaitangata,1.0,US,1573954769.0,43.0,40.97,-117.74,50.0,5.82
meulaboh,75.0,DZ,1573954769.0,93.0,36.39,4.4,46.4,18.34
hellvik,90.0,AU,1573954769.0,47.0,-31.43,152.91,84.0,6.93
attawapiskat,43.0,GF,1573954769.0,96.0,4.27,-54.38,72.43,1.3
chimore,75.0,IN,1573954770.0,78.0,15.86,73.64,80.6,4.7
coquimbo,40.0,PT,1573954770.0,76.0,37.73,-25.67,55.4,6.93
pasni,90.0,EE,1573954770.0,93.0,59.37,24.93,43.0,9.17
kuppam,56.0,RU,1573954770.0,94.0,63.59,53.93,22.12,6.85
guozhen,0.0,LK,1573954770.0,79.0,7.42,81.82,81.0,5.5
chapais,20.0,OM,1573954770.0,57.0,17.01,54.1,77.0,2.24
vardo,0.0,IN,1573954770.0,77.0,14.19,79.16,73.78,2.93
warqla,40.0,US,1573954771.0,69.0,20.89,-156.47,82.4,16.11
gobabis,75.0,MX,1573954771.0,74.0,15.74,-96.47,82.4,5.95
ahumada,100.0,SE,1573954771.0,87.0,56.67,12.86,48.0,27.51
new norfolk,0.0,AU,1573954771.0,25.0,-15.77,128.74,98.6,10.29
vanavara,0.0,RU,1573954771.0,54.0,46.82,134.25,16.36,6.44
orotukan,32.0,IN,1573954771.0,62.0,27.13,72.36,70.11,9.13
raga,75.0,MX,1573954583.0,78.0,22.89,-109.91,78.8,5.14
lavrentiya,90.0,RU,1573954771.0,83.0,66.42,112.4,-7.6,2.24
egvekinot,40.0,CN,1573954772.0,18.0,40.81,111.65,28.4,22.37
haines junction,84.0,PG,1573954772.0,72.0,-9.07,143.21,84.97,8.43
vila velha,1.0,US,1573954513.0,24.0,41.14,-73.36,36.0,12.75
nemuro,20.0,AF,1573954772.0,70.0,37.23,67.28,46.4,2.24
flin flon,100.0,GL,1573954772.0,65.0,61.99,-49.67,33.91,17.16
bonthe,0.0,RU,1573954772.0,94.0,61.28,108.01,-23.39,5.99
urumqi,11.0,CA,1573954772.0,92.0,51.48,-107.04,32.0,4.0
luanda,67.0,RU,1573954772.0,67.0,46.45,135.83,13.64,4.7
souillac,2.0,BR,1573954772.0,77.0,-1.2,-46.02,81.73,15.7
plettenberg bay,99.0,IE,1573954773.0,86.0,51.55,-9.27,37.4,8.05
la ronge,20.0,EG,1573954773.0,64.0,31.35,27.25,68.0,10.76
ugoofaaru,0.0,AU,1573954773.0,21.0,-23.53,148.16,97.0,10.29
codrington,0.0,RU,1573954773.0,73.0,53.05,158.65,19.4,2.24
hithadhoo,39.0,GF,1573954773.0,88.0,4.94,-52.33,78.8,1.12
praia da vitoria,100.0,FR,1573954773.0,77.0,42.87,1.37,42.01,10.0
rio grande,75.0,MZ,1573954773.0,88.0,-17.88,36.89,80.6,4.7
kenai,0.0,RU,1573954773.0,46.0,44.16,39.25,44.33,2.98
khani,75.0,MU,1573954773.0,83.0,-20.34,57.76,75.99,12.75
winnemucca,23.0,IN,1573954774.0,87.0,11.97,78.27,73.89,3.22
kuhestan,46.0,ID,1573954217.0,62.0,-0.86,131.25,89.35,3.18
tazmalt,68.0,NO,1573954774.0,86.0,62.58,6.12,33.8,2.24
kerki,98.0,BO,1573954774.0,89.0,-14.83,-64.9,74.48,4.41
port macquarie,90.0,CA,1573954774.0,85.0,49.72,-86.95,32.0,13.87
grand-santi,75.0,BZ,1573954774.0,94.0,16.17,-88.94,77.0,3.51
kneza,2.0,MR,1573954774.0,38.0,20.52,-13.05,65.08,9.24
vengurla,81.0,TM,1573954774.0,59.0,37.5,61.97,35.6,4.7
ponta delgada,0.0,NA,1573954774.0,72.0,-26.65,15.16,64.4,23.04
umm ruwabah,20.0,CL,1573954637.0,77.0,-23.65,-70.4,62.6,5.82
karla,16.0,SO,1573954775.0,80.0,5.35,48.53,78.3,16.24
sosnogorsk,1.0,US,1573954282.0,35.0,42.1,-72.59,28.4,4.7
mys shmidta,1.0,US,1573954775.0,30.0,40.27,-74.8,39.0,5.82
kalmunai,8.0,MX,1573954775.0,74.0,15.69,-93.21,74.61,3.74
salalah,100.0,RU,1573954776.0,98.0,59.46,40.11,33.87,4.0
rajampet,8.0,NO,1573954776.0,91.0,71.03,27.85,19.24,13.33
kahului,20.0,US,1573954698.0,51.0,44.94,-91.39,39.2,10.29
pochutla,63.0,NG,1573954777.0,22.0,12.18,6.51,76.17,5.17
halmstad,63.0,SA,1573954777.0,87.0,18.39,42.45,51.8,3.15
kununurra,76.0,SA,1573954705.0,54.0,24.63,46.72,59.0,3.36
bikin,40.0,PT,1573954778.0,76.0,37.72,-25.43,55.4,6.93
phalodi,94.0,HU,1573954779.0,81.0,46.94,19.48,53.01,9.17
cabo san lucas,7.0,IN,1573954779.0,49.0,26.37,79.63,71.42,9.57
udachnyy,21.0,NE,1573954779.0,27.0,18.69,12.92,69.53,0.78
hohhot,90.0,NO,1573954780.0,80.0,61.6,5.03,33.8,4.7
daru,51.0,AR,1573954780.0,15.0,-42.77,-65.04,69.55,18.61
westport,100.0,RU,1573954780.0,92.0,53.51,142.97,30.51,26.19
termiz,98.0,RU,1573954780.0,97.0,71.64,128.87,-3.62,4.61
paamiut,46.0,RU,1573954780.0,57.0,68.06,166.44,-2.02,2.93
yerbogachen,100.0,RU,1573954780.0,90.0,58.38,97.46,-2.27,7.61
outlook,100.0,GR,1573954780.0,82.0,36.82,21.7,62.01,2.24
vostok,0.0,IN,1573954780.0,87.0,28.58,77.04,59.0,6.93
carutapera,52.0,NG,1573954781.0,26.0,10.31,9.75,72.05,6.06
skibbereen,14.0,CN,1573954781.0,93.0,30.42,103.46,62.01,4.47
marsa matruh,2.0,MX,1573954781.0,91.0,27.97,-114.04,63.37,8.77
emerald,90.0,CA,1573954781.0,77.0,58.81,-122.69,6.8,3.36
petropavlovsk-kamchatskiy,100.0,CA,1573954781.0,83.0,52.32,-112.71,36.0,10.0
cayenne,69.0,PE,1573954781.0,85.0,-10.07,-78.15,61.48,1.59
le port,100.0,RU,1573954281.0,90.0,69.38,178.42,14.97,7.23
quelimane,100.0,LR,1573954721.0,83.0,6.33,-10.8,78.96,5.41
georgiyevskoye,0.0,LK,1573954782.0,75.0,7.71,81.69,81.81,1.54
bambous virieux,35.0,NC,1573954344.0,63.0,-21.55,167.88,77.79,13.65
mallapuram,19.0,BO,1573954782.0,92.0,-14.44,-67.53,69.89,1.32
sorong,97.0,RU,1573954782.0,95.0,64.7,43.39,25.27,2.44
roald,75.0,PH,1573954782.0,70.0,10.47,123.98,86.0,6.93
trinidad,100.0,BR,1573954782.0,90.0,-6.22,-57.76,72.95,2.53
geraldton,2.0,CN,1573954782.0,45.0,46.81,130.37,19.47,6.64
laguna,90.0,CA,1573954782.0,92.0,53.22,-106.39,30.2,6.93
atar,40.0,CO,1573954783.0,74.0,10.56,-73.02,82.4,4.7
murgab,90.0,US,1573954783.0,66.0,33.99,-83.72,53.6,4.38
luderitz,0.0,US,1573954783.0,100.0,33.61,-85.83,45.0,2.8
antofagasta,0.0,NO,1573954783.0,74.0,70.98,25.97,29.73,16.87
hobyo,90.0,AU,1573954783.0,58.0,-37.81,144.89,63.0,17.22
xambioa,20.0,GH,1573954783.0,83.0,5.79,0.9,82.4,4.7
springfield,66.0,BR,1573954783.0,53.0,-21.48,-56.15,67.71,3.51
ewing,40.0,BR,1573954783.0,73.0,-16.02,-48.01,73.4,10.29
pijijiapan,32.0,RU,1573954783.0,41.0,43.36,132.19,24.8,2.24
sokol,90.0,CA,1573954784.0,86.0,52.36,-106.96,34.0,9.17
mehamn,100.0,GB,1573954218.0,93.0,57.47,-1.78,41.0,1.12
chippewa falls,66.0,NO,1573954592.0,97.0,70.63,29.72,12.31,9.31
auki,4.0,CN,1573954784.0,56.0,19.23,109.45,79.05,2.89
faya,100.0,AU,1573954281.0,31.0,-17.52,146.03,89.01,4.0
krasnoselkup,20.0,SA,1573954784.0,77.0,26.33,43.97,60.8,5.82
riyadh,75.0,BG,1573954784.0,100.0,42.7,23.32,50.0,1.12
vila franca do campo,95.0,CD,1573954784.0,99.0,-1.93,18.29,70.23,3.36
meyungs,2.0,NA,1573954784.0,25.0,-18.06,13.84,65.12,6.2
kerekegyhaza,90.0,CA,1573954785.0,92.0,45.62,-61.36,30.99,18.34
sikandra,90.0,US,1573954785.0,77.0,64.86,-147.8,8.6,3.36
bilma,100.0,RU,1573954785.0,94.0,54.7,78.67,17.31,11.1
floro,20.0,DO,1573954761.0,83.0,18.48,-69.94,82.0,4.7
puerto madryn,1.0,AR,1573954785.0,27.0,-36.62,-64.29,67.62,6.89
ekhabi,24.0,RU,1573954785.0,96.0,64.9,45.76,21.11,5.35
tiksi,100.0,RU,1573954785.0,94.0,57.93,30.71,43.36,7.27
bilibino,100.0,BR,1573954343.0,89.0,-17.73,-39.27,73.45,4.92
boguchany,92.0,MK,1573954786.0,93.0,41.28,20.71,42.93,5.84
petapa,22.0,ML,1573954786.0,23.0,20.2,1.01,68.85,7.07
methoni,90.0,DE,1573954786.0,93.0,49.76,8.64,39.2,6.93
dwarka,100.0,PG,1573954786.0,75.0,-2.57,150.8,81.68,8.12
miri,9.0,ID,1573954786.0,49.0,-2.08,101.38,76.41,5.32
linqiong,0.0,AU,1573954786.0,10.0,-23.7,133.88,87.8,14.99
guerrero negro,0.0,ID,1573954786.0,45.0,-2.97,119.9,83.89,4.74
fort nelson,90.0,RU,1573954787.0,96.0,63.37,47.92,21.09,5.08
stettler,30.0,MG,1573954787.0,83.0,-14.9,50.28,78.84,5.59
huarmey,1.0,US,1573954613.0,49.0,40.83,-115.76,46.4,4.7
leningradskiy,40.0,IS,1573954787.0,80.0,63.84,-22.43,33.8,11.41
asau,75.0,CM,1573954787.0,94.0,4.04,9.71,78.8,2.24
monrovia,67.0,CN,1573954787.0,14.0,38.48,106.21,25.0,3.0
batticaloa,0.0,NO,1573954787.0,85.0,70.95,27.35,19.18,5.97
tadine,75.0,KR,1573954632.0,87.0,35.24,129.21,53.6,2.24
rurrenabaque,99.0,NZ,1573954788.0,33.0,-43.63,171.65,68.0,10.0
pinega,0.0,PY,1573954788.0,46.0,-23.49,-58.8,69.12,4.65
buluang,0.0,BR,1573954788.0,53.0,-27.85,-53.78,71.6,11.41
jacareacanga,4.0,RU,1573954788.0,95.0,52.47,46.63,28.99,7.56
jiamusi,90.0,PE,1573954788.0,77.0,-7.84,-79.15,66.2,8.05
shellbrook,75.0,PF,1573954788.0,58.0,-17.83,-149.27,87.8,3.36
urumita,100.0,MV,1573954789.0,78.0,0.53,72.93,82.0,17.43
winder,75.0,AU,1573954789.0,64.0,-30.3,153.13,84.2,8.05
oxford,59.0,IR,1573954789.0,57.0,33.6,56.92,42.37,4.52
honningsvag,40.0,BE,1573954789.0,93.0,50.34,4.87,39.2,3.36
seddon,75.0,JP,1573954789.0,44.0,35.74,139.53,66.99,4.7
anloga,93.0,IR,1573954789.0,67.0,35.22,52.34,42.21,6.51
jardim,90.0,CA,1573954789.0,86.0,56.07,-118.38,36.0,6.93
santa maria,1.0,ZA,1573954789.0,80.0,-31.68,18.49,56.43,18.57
artyom,1.0,US,1573954789.0,77.0,34.64,-120.46,73.4,6.93
langham,2.0,ID,1573954790.0,46.0,-3.36,135.5,92.19,5.19
boddam,20.0,ID,1573954790.0,74.0,-8.65,115.22,84.2,4.7
batsfjord,100.0,UA,1573954790.0,70.0,48.37,23.97,43.16,1.03
baisha,100.0,CZ,1573954790.0,86.0,50.23,14.09,42.01,4.7
innisfail,50.0,SO,1573954790.0,78.0,9.49,50.81,79.81,23.24
buraydah,100.0,RU,1573954790.0,93.0,58.45,92.17,3.67,9.08
sofia,75.0,GB,1573954791.0,80.0,51.45,-2.43,43.0,1.12
inongo,0.0,CN,1573954791.0,87.0,29.96,122.3,68.5,16.08
opuwo,100.0,PL,1573954791.0,80.0,54.79,18.4,43.0,4.7
port hawkesbury,48.0,PG,1573954791.0,82.0,-9.47,147.16,80.26,18.95
college,88.0,GN,1573954791.0,49.0,10.62,-8.7,76.66,1.34
zdvinsk,100.0,GB,1573954791.0,100.0,54.08,-0.19,46.99,3.36
santo domingo,90.0,US,1573954529.0,32.0,38.9,-77.04,42.01,4.7
santa rosa,0.0,SO,1573954791.0,77.0,8.41,48.48,70.84,8.77
leshukonskoye,100.0,NZ,1573954791.0,93.0,-40.86,172.81,59.0,1.99
volot,44.0,BR,1573954591.0,88.0,-9.67,-35.74,75.2,6.93
caravelas,52.0,PT,1573954792.0,81.0,37.14,-8.45,51.01,8.05
poum,100.0,RU,1573954792.0,72.0,51.31,119.61,0.18,8.75
tessalit,100.0,RU,1573954792.0,75.0,53.19,107.35,7.2,9.91
seeheim-jugenheim,0.0,CL,1573954640.0,72.0,-27.37,-70.33,62.6,8.05
kavieng,0.0,CL,1573954793.0,86.0,-28.58,-70.76,54.84,2.33
dolbeau,100.0,RU,1573954793.0,92.0,58.97,126.27,-7.22,9.78
sungaipenuh,2.0,UG,1573954793.0,70.0,2.25,32.9,65.7,3.06
alice springs,100.0,US,1573954793.0,64.0,41.12,-100.77,48.0,8.01
sindand,96.0,MG,1573954793.0,82.0,-19.17,46.74,70.03,6.33
rantepao,0.0,IN,1573954793.0,51.0,27.02,75.0,70.29,7.9
blagoyevo,8.0,AO,1573954794.0,78.0,-15.19,12.15,70.23,11.54
quixada,0.0,BR,1573954794.0,57.0,-27.87,-55.13,71.01,1.99
antalaha,62.0,IN,1573954794.0,66.0,28.17,94.8,69.71,0.58
elko,100.0,ZM,1573954794.0,95.0,-10.39,28.7,65.84,3.29
grindavik,90.0,CA,1573954209.0,98.0,60.72,-135.06,33.8,3.06
douala,0.0,AR,1573954659.0,38.0,-31.54,-68.53,78.37,5.91
yinchuan,100.0,RU,1573954794.0,91.0,62.86,42.71,27.03,2.1
kjollefjord,100.0,RU,1573954795.0,92.0,57.02,82.07,14.13,10.45
kijang,40.0,CA,1573954795.0,63.0,47.66,-52.73,30.0,36.91
methven,40.0,GB,1573954795.0,100.0,53.41,-2.98,46.4,3.36
pozo colorado,0.0,KZ,1573954795.0,40.0,44.18,66.74,28.83,4.94
santo augusto,37.0,NG,1573954795.0,31.0,9.67,8.4,69.53,3.36
cozumel,3.0,ET,1573954795.0,68.0,9.35,42.8,55.0,4.83
baltay,41.0,RU,1573954795.0,86.0,54.17,103.03,-3.6,6.08
chicama,0.0,CN,1573954795.0,13.0,40.29,97.04,23.47,10.47
teahupoo,100.0,RU,1573954796.0,67.0,59.58,151.3,10.17,13.85
thinadhoo,100.0,PH,1573954796.0,70.0,11.14,123.72,83.3,2.8
coffs harbour,100.0,ZA,1573954412.0,93.0,-34.0,24.73,56.19,14.67
tabas,13.0,CV,1573954796.0,81.0,14.9,-24.5,72.68,14.41
hun,100.0,PE,1573954796.0,92.0,-10.92,-76.06,37.31,0.94
nishihara,0.0,PY,1573954796.0,53.0,-25.97,-55.19,73.4,8.05
garmsar,75.0,US,1573954796.0,66.0,33.19,-82.53,50.0,6.93
fairview,100.0,RU,1573954796.0,93.0,57.34,58.22,30.09,10.42
vredendal,90.0,US,1573954532.0,77.0,64.84,-147.72,8.6,3.36
lompoc,0.0,BR,1573954797.0,82.0,-30.08,-51.02,66.99,9.17
nabire,20.0,IN,1573954797.0,88.0,17.65,83.27,75.2,2.24
denpasar,30.0,AU,1573954797.0,29.0,-27.18,151.26,95.0,16.11
lopukhiv,100.0,PG,1573954797.0,74.0,-3.15,142.36,82.74,1.1
slany,47.0,AR,1573954797.0,35.0,-51.62,-69.22,55.4,24.16
korla,100.0,RU,1573954797.0,93.0,54.17,74.7,23.16,11.9
bandarbeyla,5.0,CA,1573954607.0,62.0,44.65,-63.58,26.01,13.87
yeniseysk,1.0,US,1573954797.0,40.0,35.94,-95.88,53.6,8.05
wick,91.0,NO,1573954798.0,93.0,59.79,5.78,39.99,3.36
shenjiamen,0.0,UZ,1573954798.0,59.0,40.56,65.69,35.6,6.93
wladyslawowo,31.0,NO,1573954344.0,69.0,62.91,6.91,35.6,2.24
port moresby,0.0,TR,1573954798.0,71.0,36.95,36.2,57.99,6.93
mandiana,36.0,BR,1573954798.0,87.0,-2.9,-40.84,74.44,4.59
bridlington,0.0,AU,1573954798.0,64.0,-31.65,116.67,75.2,3.36
washington,100.0,RU,1573954798.0,64.0,56.15,96.92,0.55,7.02
garowe,48.0,MX,1573954798.0,81.0,18.62,-100.35,72.34,2.39
takaka,1.0,SV,1573954799.0,73.0,13.7,-89.19,78.8,6.93
maceio,97.0,RU,1573954799.0,94.0,61.81,36.54,31.71,4.5
lagoa,1.0,US,1573954799.0,66.0,30.3,-99.24,55.99,10.85
nerchinskiy zavod,0.0,IQ,1573954799.0,36.0,33.64,42.83,56.1,12.15
khuzhir,1.0,US,1573954799.0,32.0,42.24,-71.99,28.0,5.82
copiapo,88.0,NI,1573954530.0,93.0,12.92,-85.84,66.15,4.07
gazni,0.0,AU,1573954800.0,19.0,-33.86,121.89,95.0,13.87
vallenar,0.0,UY,1573954800.0,70.0,-33.53,-58.22,70.0,1.99
tommot,0.0,FO,1573954800.0,80.0,62.16,-7.17,39.2,4.7
lira,53.0,PE,1573954800.0,88.0,-3.75,-73.25,75.2,3.36
kyra,20.0,IN,1573954800.0,70.0,10.57,72.64,83.08,3.74
north platte,80.0,CN,1573954800.0,65.0,30.39,111.44,60.01,1.59
soavinandriana,100.0,RU,1573954800.0,76.0,53.86,120.88,-0.27,7.45
nawa,10.0,NZ,1573954800.0,91.0,-35.1,173.78,71.01,5.01
ruatoria,71.0,RU,1573954800.0,97.0,61.68,96.39,-25.17,2.71
namibe,3.0,ID,1573954801.0,43.0,-2.54,115.51,94.66,2.68
san javier,75.0,JP,1573954801.0,51.0,31.65,131.31,62.6,6.93
along,75.0,IE,1573954801.0,93.0,53.34,-7.05,37.99,8.05
mwense,23.0,MR,1573954801.0,68.0,20.93,-17.03,66.2,9.17
whitehorse,22.0,ET,1573954801.0,75.0,8.9,40.78,55.11,3.8
kemijarvi,84.0,NA,1573954801.0,37.0,-22.57,17.08,71.6,4.7
san juan,100.0,SE,1573954802.0,91.0,67.86,20.23,3.2,1.72
temaraia,100.0,RU,1573954802.0,95.0,59.29,32.45,34.68,6.33
bereznik,0.0,KZ,1573954802.0,74.0,43.35,52.85,33.48,6.64
bakchar,100.0,RU,1573954802.0,61.0,50.52,115.13,4.95,17.72
torbay,100.0,PG,1573954802.0,91.0,-10.62,150.67,78.21,6.91
liverpool,20.0,ID,1573954802.0,62.0,-5.32,119.37,89.6,3.36
shieli,0.0,MA,1573954802.0,86.0,34.03,-5.02,39.2,8.05
matagami,75.0,AR,1573954803.0,83.0,-41.13,-71.31,50.0,29.97
jijiga,5.0,RU,1573954803.0,81.0,64.92,77.78,-14.01,16.8
ust-uda,78.0,NE,1573954803.0,17.0,13.05,3.19,84.4,6.17
yumen,75.0,AU,1573954803.0,61.0,-27.08,153.16,93.99,14.99
ola,95.0,NA,1573954803.0,94.0,-22.12,14.28,61.0,5.01
gogrial,0.0,DZ,1573954468.0,37.0,27.87,-0.29,50.0,8.05
sulangan,83.0,NO,1573954803.0,80.0,61.77,5.3,33.8,4.7
kruisfontein,25.0,RU,1573954803.0,96.0,64.27,100.22,-30.87,2.04
sao filipe,90.0,US,1573954803.0,90.0,34.88,-76.9,55.4,19.46
carhuamayo,100.0,AR,1573954513.0,60.0,-24.79,-65.41,80.6,2.37
naranjal,20.0,LK,1573954804.0,100.0,6.12,81.12,73.4,1.12
avera,100.0,PK,1573954804.0,50.0,27.06,68.21,70.25,7.27
shamary,0.0,CA,1573954804.0,64.0,44.38,-64.32,26.01,4.0
fairbanks,40.0,AU,1573954804.0,58.0,-12.18,136.78,87.8,11.41
viamao,98.0,RU,1573954804.0,92.0,65.01,53.91,26.26,9.55
yarada,100.0,RU,1573954804.0,93.0,58.36,82.83,12.63,10.78
dalby,80.0,PE,1573954805.0,95.0,-13.65,-73.37,48.78,2.77
aitape,100.0,CN,1573954805.0,82.0,49.64,117.33,4.03,15.66
rio gallegos,100.0,GW,1573954805.0,67.0,11.28,-15.83,82.76,6.44
novovarshavka,40.0,IT,1573954805.0,93.0,45.88,10.89,51.01,10.29
halifax,26.0,BF,1573954805.0,30.0,10.33,-3.18,78.8,1.72
bixby,85.0,CD,1573954805.0,75.0,1.56,30.43,69.89,3.0
gravdal,75.0,US,1573954805.0,83.0,21.35,-158.09,86.0,4.9
nurota,40.0,IN,1573954737.0,100.0,8.88,76.6,77.0,3.36
bud,1.0,US,1573954806.0,74.0,21.39,-157.74,86.0,8.05
erzin,75.0,HR,1573954806.0,63.0,42.71,18.35,64.4,13.87
camocim,79.0,BR,1573954806.0,93.0,-1.68,-50.48,75.16,4.34
northam,95.0,SN,1573954806.0,59.0,12.89,-14.94,75.81,4.68
tinskoy,48.0,IS,1573954806.0,60.0,63.44,-20.27,40.33,19.15
coahuayana,100.0,MZ,1573954806.0,86.0,-13.3,35.25,69.33,1.97
san salvador,100.0,CN,1573954806.0,73.0,34.57,105.89,32.5,18.43
pudozh,90.0,CA,1573954343.0,93.0,50.7,-127.42,50.0,17.22
harper,63.0,AU,1573954807.0,60.0,-38.11,147.06,64.0,8.99
hit,90.0,ES,1573954807.0,93.0,43.21,-8.69,55.0,13.87
tsihombe,75.0,ES,1573954807.0,68.0,28.68,-17.76,64.4,12.75
spencer,0.0,AR,1573954691.0,88.0,-34.61,-58.44,72.0,3.36
san ramon,0.0,EG,1573954807.0,81.0,29.97,32.54,63.16,6.49
kuche,100.0,RU,1573954807.0,98.0,66.77,123.37,-6.54,6.62
esperance,0.0,IN,1573954807.0,35.0,30.78,78.62,30.31,7.76
dolores,67.0,KZ,1573954807.0,31.0,45.41,79.91,25.3,1.45
vestmanna,100.0,CN,1573954808.0,56.0,42.67,125.53,31.75,4.36
iquitos,0.0,LY,1573954650.0,44.0,32.38,15.09,68.31,14.76
kavaratti,75.0,PE,1573954711.0,88.0,-12.06,-77.04,66.2,11.41
yidu,40.0,JP,1573954808.0,66.0,36.66,137.31,60.01,3.36
amazar,87.0,NC,1573954808.0,75.0,-21.35,165.16,74.86,15.77
kaeo,75.0,JP,1573954808.0,100.0,24.34,124.16,73.4,13.87
